artifact_id,source_id,city_binding,publisher,declared_source_units,underlying_requests_if_municipal_view,content_hash,retrieved_at,geographic_scope,temporal_scope
census-acs5-2024-b01003-5d4036737b5e,census-acs5-2024-b01003-population,shared-or-cross-city-context,U.S. Census Bureau,8,not-applicable,sha256:89a77e02392684a6ff1469362e6c155aaefe6c9bf4e9fbe51ed6e4172a3dfc5f,2026-08-13T01:45:13.342985+00:00,"Census incorporated-place GEOIDs: 0644000,0667000,1714000,2507000,3651000,4260000,4805000,5363000",2024 ACS five-year estimates
census-tigerweb-place-0644000,census-tigerweb-current-incorporated-place,shared-or-cross-city-context,U.S. Census Bureau Geography Division,1,not-applicable,sha256:7183b68b6346b999736072d5a56cf29fd3061ea221e4585a647bbf0e6e18db0f,2026-08-13T01:45:23.810109+00:00,Incorporated place GEOID 0644000,TIGERweb current service vintage at retrieval
census-tigerweb-place-0667000,census-tigerweb-current-incorporated-place,shared-or-cross-city-context,U.S. Census Bureau Geography Division,1,not-applicable,sha256:61c59bcfbd56e629516da50dcd4079bc42bda2cb07622a0215e204de1948c2bb,2026-08-13T01:45:16.826985+00:00,Incorporated place GEOID 0667000,TIGERweb current service vintage at retrieval
census-tigerweb-place-1714000,census-tigerweb-current-incorporated-place,shared-or-cross-city-context,U.S. Census Bureau Geography Division,1,not-applicable,sha256:3273d226ed2c5f363e3f55e0d36e56a250c1326795104ef415c8733c95850403,2026-08-13T01:45:15.872709+00:00,Incorporated place GEOID 1714000,TIGERweb current service vintage at retrieval
census-tigerweb-place-2507000,census-tigerweb-current-incorporated-place,shared-or-cross-city-context,U.S. Census Bureau Geography Division,1,not-applicable,sha256:3961a67e5d0e0d38b712e56b1c9b15569db569b4cbb808d0f3d555ecf8b57df3,2026-08-13T01:45:11.863529+00:00,Incorporated place GEOID 2507000,TIGERweb current service vintage at retrieval
census-tigerweb-place-3651000,census-tigerweb-current-incorporated-place,shared-or-cross-city-context,U.S. Census Bureau Geography Division,1,not-applicable,sha256:3e35f7e8dfc2621cdfe429e1934c6e40897bacd6b01cf861eeaf7f0440bc036b,2026-08-13T01:37:06.579897+00:00,Incorporated place GEOID 3651000,TIGERweb current service vintage at retrieval
census-tigerweb-place-4260000,census-tigerweb-current-incorporated-place,shared-or-cross-city-context,U.S. Census Bureau Geography Division,1,not-applicable,sha256:eb63076f6f2adeee8b4d937af43d7e7931641750fa32dd2a470563fae5f2f99b,2026-08-13T01:45:26.190262+00:00,Incorporated place GEOID 4260000,TIGERweb current service vintage at retrieval
census-tigerweb-place-4805000,census-tigerweb-current-incorporated-place,shared-or-cross-city-context,U.S. Census Bureau Geography Division,1,not-applicable,sha256:098645fcd49e14d542cdf08d35bf1a4b978aecd269e45acf6198c142fe09cf80,2026-08-13T01:45:21.322328+00:00,Incorporated place GEOID 4805000,TIGERweb current service vintage at retrieval
census-tigerweb-place-5363000,census-tigerweb-current-incorporated-place,shared-or-cross-city-context,U.S. Census Bureau Geography Division,1,not-applicable,sha256:c7e9a83b35c04cdb2174c77133a646ba5622bd7c524b796f00fc014424c704e6,2026-08-13T01:45:18.126018+00:00,Incorporated place GEOID 5363000,TIGERweb current service vintage at retrieval
nasa-power-0b19d5395518,nasa-power-daily-point,shared-or-cross-city-context,NASA Langley Research Center POWER Project,1098,not-applicable,sha256:06b32fac945f52b18f0c9f879432b5d1491de0a3e9ee45364414ff309030f3ec,2026-08-13T01:37:08.998107+00:00,"point=(40.7128,-74.006)",2025-04-01 through 2025-09-30
nasa-power-231b67f920d5,nasa-power-daily-point,shared-or-cross-city-context,NASA Langley Research Center POWER Project,1098,not-applicable,sha256:e1248ade358d6d1d555bbf97fe7a83aef7081bf9c92cecc9db639ed9222c4bbf,2026-08-13T01:45:25.537895+00:00,"point=(39.9526,-75.1652)",2025-04-01 through 2025-09-30
nasa-power-3ce19b2cb67d,nasa-power-daily-point,shared-or-cross-city-context,NASA Langley Research Center POWER Project,1098,not-applicable,sha256:bba3454a904b9bd0d4411db2e816dfda49156a97c511efe0eb2fd4ed7a15488b,2026-08-13T01:45:24.127923+00:00,"point=(34.0522,-118.2437)",2025-04-01 through 2025-09-30
nasa-power-47c5e48fd72e,nasa-power-daily-point,shared-or-cross-city-context,NASA Langley Research Center POWER Project,1098,not-applicable,sha256:47898841684eb02095caccac3cea85e972c81d7b996cb2d5015b14fe4316dda6,2026-08-13T01:45:22.245601+00:00,"point=(30.2672,-97.7431)",2025-04-01 through 2025-09-30
nasa-power-4c264f793a64,nasa-power-daily-point,shared-or-cross-city-context,NASA Langley Research Center POWER Project,1098,not-applicable,sha256:f2c8c84251096c4698be3d209f66f71fec21bea30869ce8ca6e3078b6a44d575,2026-08-13T01:45:18.572227+00:00,"point=(37.7749,-122.4194)",2025-04-01 through 2025-09-30
nasa-power-4c8c9d5401b2,nasa-power-daily-point,shared-or-cross-city-context,NASA Langley Research Center POWER Project,1098,not-applicable,sha256:2f8bdc68b9d1b600cc9af6c2c7b3376ed9488bf0ce8c6981a5693428ea51ea12,2026-08-13T01:45:13.744181+00:00,"point=(42.3601,-71.0589)",2025-04-01 through 2025-09-30
nasa-power-4dddc2a84423,nasa-power-daily-point,shared-or-cross-city-context,NASA Langley Research Center POWER Project,1098,not-applicable,sha256:aa2513a255956e179eca5432caa90ca4ec7fbe3b46e673261c9a90d3a4ad1462,2026-08-13T01:45:19.863856+00:00,"point=(47.6062,-122.3321)",2025-04-01 through 2025-09-30
nasa-power-8110ece7a931,nasa-power-daily-point,shared-or-cross-city-context,NASA Langley Research Center POWER Project,1098,not-applicable,sha256:da4dd1d3931d858f7cf9eb3ffd770fcc7f9d2acd174b0b16b755b8e600aee936,2026-08-13T01:45:15.563760+00:00,"point=(41.8781,-87.6298)",2025-04-01 through 2025-09-30
us.ca.los-angeles.area-status.7f905235a604,los-angeles-open-data-my311-2025-aggregate,us.ca.los-angeles,City of Los Angeles Information Technology Agency,165,53194,sha256:c0beeca34c11398fef3dd2ff91559c4db3b3f9f6e38ddce7f17dcec626246a8e,2026-08-13T01:30:07.692664+00:00,Los Angeles,"[2025-04-01, 2025-10-01)"
us.ca.los-angeles.category-status.16a4caac65a2,los-angeles-open-data-my311-2025-aggregate,us.ca.los-angeles,City of Los Angeles Information Technology Agency,26,53194,sha256:8a77b009fe89763733d003355bb2e45977039945ffcd7f077847df9ccd819c9f,2026-08-13T01:30:06.323211+00:00,Los Angeles,"[2025-04-01, 2025-10-01)"
us.ca.los-angeles.daily-area.a1994f9f3e6b,los-angeles-open-data-my311-2025-aggregate,us.ca.los-angeles,City of Los Angeles Information Technology Agency,3720,53194,sha256:4673d23e5d4e7a22cbdbc14b22244605febe439a9347dff2ae730c5ad19c072d,2026-08-13T01:30:03.885379+00:00,Los Angeles,"[2025-04-01, 2025-10-01)"
us.ca.los-angeles.daily-category.853bebf75ecf,los-angeles-open-data-my311-2025-aggregate,us.ca.los-angeles,City of Los Angeles Information Technology Agency,326,53194,sha256:4dd1edd3097a406f2f7a663f22c3dff0ebfb530eece1911ec3d19997d6686290,2026-08-13T01:30:03.083110+00:00,Los Angeles,"[2025-04-01, 2025-10-01)"
us.ca.san-francisco.area-status.7f905235a604,san-francisco-open-data-311-aggregate,us.ca.san-francisco,San Francisco 311,84,461576,sha256:b1b62a4ac8995d9697e5d15ff18e42b9c8d8e075259ad4e0135704f3d004b693,2026-08-13T01:29:53.800075+00:00,San Francisco,"[2025-04-01, 2025-10-01)"
us.ca.san-francisco.category-status.16a4caac65a2,san-francisco-open-data-311-aggregate,us.ca.san-francisco,San Francisco 311,64,461576,sha256:de10e637bfab7ae2c2ab3c2043737771d178ffd41073ed013cd312fb7c2960ec,2026-08-13T01:29:51.081517+00:00,San Francisco,"[2025-04-01, 2025-10-01)"
us.ca.san-francisco.daily-area.a1994f9f3e6b,san-francisco-open-data-311-aggregate,us.ca.san-francisco,San Francisco 311,7445,461576,sha256:fed551a09c83dea2c1da240a3652c5914e75a5512287b3f9b6471ae1a9427246,2026-08-13T01:29:51.474902+00:00,San Francisco,"[2025-04-01, 2025-10-01)"
us.ca.san-francisco.daily-category.853bebf75ecf,san-francisco-open-data-311-aggregate,us.ca.san-francisco,San Francisco 311,4861,461576,sha256:802e062a0af218c8e297a1fae5f9893216bf3a126d5fe1a77fb910829cd1cd62,2026-08-13T01:29:47.835455+00:00,San Francisco,"[2025-04-01, 2025-10-01)"
us.il.chicago.area-status.7f905235a604,chicago-open-data-311-aggregate,us.il.chicago,City of Chicago,234,1061921,sha256:5f3a048ca1bcb5b37dc2d95174cd514e68ab47e2e83c81e577a813839bcb68ba,2026-08-13T01:29:42.450660+00:00,Chicago,"[2025-04-01, 2025-10-01)"
us.il.chicago.category-status.16a4caac65a2,chicago-open-data-311-aggregate,us.il.chicago,City of Chicago,218,1061921,sha256:c1c39a1c40861f84db5004fbfd8b176fc6efaf63cb3745232fb3803da9defffe,2026-08-13T01:26:44.648693+00:00,Chicago,"[2025-04-01, 2025-10-01)"
us.il.chicago.daily-area.a1994f9f3e6b,chicago-open-data-311-aggregate,us.il.chicago,City of Chicago,14212,1061921,sha256:f7a360386cad8e4cac0766df9b113e0e2080ff44426fbd80d1bbb4c9ffb3a4b4,2026-08-13T01:29:44.898311+00:00,Chicago,"[2025-04-01, 2025-10-01)"
us.il.chicago.daily-category.853bebf75ecf,chicago-open-data-311-aggregate,us.il.chicago,City of Chicago,14467,1061921,sha256:d577719e8bdaa4b7a5321ad1e89719fb2c171ffaaacd0d7041c6339f37eaa112,2026-08-13T01:26:40.303053+00:00,Chicago,"[2025-04-01, 2025-10-01)"
us.ma.boston.area-status.7f905235a604,boston-open-data-311-2025-aggregate,us.ma.boston,City of Boston,47,148160,sha256:d77b39669866f747d929d1e3cea4eacb7fbe4f015e2de9e1d5cfd3656e318cfa,2026-08-13T01:26:11.457371+00:00,Boston,"[2025-04-01, 2025-10-01)"
us.ma.boston.category-status.16a4caac65a2,boston-open-data-311-2025-aggregate,us.ma.boston,City of Boston,2117,148160,sha256:e6b6f5d6dd47528af81dde27b91819a0877a2910f79a5f5dabb26fae488d03ab,2026-08-13T01:26:08.883030+00:00,Boston,"[2025-04-01, 2025-10-01)"
us.ma.boston.daily-area.a1994f9f3e6b,boston-open-data-311-2025-aggregate,us.ma.boston,City of Boston,4152,148160,sha256:55a8e33b851556097e4bab97be31df72b32f528571ea82f6c0e9322159cb3819,2026-08-13T01:26:09.184787+00:00,Boston,"[2025-04-01, 2025-10-01)"
us.ma.boston.daily-category.853bebf75ecf,boston-open-data-311-2025-aggregate,us.ma.boston,City of Boston,17000,148160,sha256:4ab387073cde93e4a1be75df6a08db9e164d47164e410e0260294232078a2872,2026-08-13T01:26:04.951306+00:00,Boston,"[2025-04-01, 2025-10-01)"
us.ny.new-york-city.area-status.7f905235a604,nyc-open-data-311-aggregate,us.ny.new-york-city,City of New York,38,1796655,sha256:f1c31e77864d9dac5c9924a15e1788584f3e050a64cbc859adcd6da02beab26b,2026-08-13T01:26:05.861426+00:00,New York City,"[2025-04-01, 2025-10-01)"
us.ny.new-york-city.category-status.16a4caac65a2,nyc-open-data-311-aggregate,us.ny.new-york-city,City of New York,316,1796655,sha256:21d935c421c5e5c65d0984b17f96e7d2a1a2a4184acbd2be8bb81087698eefd6,2026-08-13T01:26:00.360468+00:00,New York City,"[2025-04-01, 2025-10-01)"
us.ny.new-york-city.daily-area.a1994f9f3e6b,nyc-open-data-311-aggregate,us.ny.new-york-city,City of New York,1098,1796655,sha256:478976fbdacea84dc60286007f5c16cfc7624ce4268ba7f28a67cdc28ce65e9f,2026-08-13T01:26:01.279500+00:00,New York City,"[2025-04-01, 2025-10-01)"
us.ny.new-york-city.daily-category.853bebf75ecf,nyc-open-data-311-aggregate,us.ny.new-york-city,City of New York,23568,1796655,sha256:ce2c6236139a6571857cd406b1b4261148a5d2705fb2eec8b79ad82980e82dc4,2026-08-13T01:25:50.764447+00:00,New York City,"[2025-04-01, 2025-10-01)"
us.pa.philadelphia.area-status.7f905235a604,philadelphia-open-data-311-aggregate,us.pa.philadelphia,City of Philadelphia,101,276443,sha256:58e8663c75a63c856b84bf7c624ea13377fb8d7bdb93902135e73920a15cfe71,2026-08-13T01:30:11.250528+00:00,Philadelphia,"[2025-04-01, 2025-10-01)"
us.pa.philadelphia.category-status.16a4caac65a2,philadelphia-open-data-311-aggregate,us.pa.philadelphia,City of Philadelphia,81,276443,sha256:e94d4ea2c755773a20751271094b9b0671ad94034910790804ac443882db88cc,2026-08-13T01:30:10.843225+00:00,Philadelphia,"[2025-04-01, 2025-10-01)"
us.pa.philadelphia.daily-area.a1994f9f3e6b,philadelphia-open-data-311-aggregate,us.pa.philadelphia,City of Philadelphia,8354,276443,sha256:9dd6222cd42cb6c26ee3a7a2961395ad94026587ef15e76bf8fd93e4b898d1ae,2026-08-13T01:30:09.791119+00:00,Philadelphia,"[2025-04-01, 2025-10-01)"
us.pa.philadelphia.daily-category.853bebf75ecf,philadelphia-open-data-311-aggregate,us.pa.philadelphia,City of Philadelphia,6010,276443,sha256:255ce7826d739a4bd39ae8bc682f78216e941b4d878e918d8d56371a8a95ba6d,2026-08-13T01:30:08.651976+00:00,Philadelphia,"[2025-04-01, 2025-10-01)"
us.tx.austin.area-status.7f905235a604,austin-open-data-311-aggregate,us.tx.austin,City of Austin,160,164333,sha256:e54a0c44726fb5c6bbc3a49e57192bbe6faa95d7d616da67049e6e3d8b68ba8c,2026-08-13T01:30:02.151851+00:00,Austin,"[2025-04-01, 2025-10-01)"
us.tx.austin.category-status.16a4caac65a2,austin-open-data-311-aggregate,us.tx.austin,City of Austin,224,164333,sha256:8bd54a880b7186407ea2f5881703ed021c3750c402215bf374138b92ec871128,2026-08-13T01:30:01.641184+00:00,Austin,"[2025-04-01, 2025-10-01)"
us.tx.austin.daily-area.a1994f9f3e6b,austin-open-data-311-aggregate,us.tx.austin,City of Austin,8310,164333,sha256:39030ffe2deafa03fbc2dd5ac6e04586b10e580f044b86583b5ffbcff143152b,2026-08-13T01:29:59.853325+00:00,Austin,"[2025-04-01, 2025-10-01)"
us.tx.austin.daily-category.853bebf75ecf,austin-open-data-311-aggregate,us.tx.austin,City of Austin,15555,164333,sha256:7dc8954d468d275e6c71e72c7258ee9f3c8d1ce85f4c49125303876db2ad059a,2026-08-13T01:29:59.484483+00:00,Austin,"[2025-04-01, 2025-10-01)"
us.wa.seattle.area-status.7f905235a604,seattle-open-data-customer-service-aggregate,us.wa.seattle,City of Seattle,472,186351,sha256:5de53010a516c025e18c1e10b86b8f63075f07be64ee3671345a4c4eac82b2b8,2026-08-13T01:29:57.457531+00:00,Seattle,"[2025-04-01, 2025-10-01)"
us.wa.seattle.category-status.16a4caac65a2,seattle-open-data-customer-service-aggregate,us.wa.seattle,City of Seattle,150,186351,sha256:6c17358175f077a2b368d803c21340531eed3fc7c05c5a09755bb335857bd7c3,2026-08-13T01:29:56.128096+00:00,Seattle,"[2025-04-01, 2025-10-01)"
us.wa.seattle.daily-area.a1994f9f3e6b,seattle-open-data-customer-service-aggregate,us.wa.seattle,City of Seattle,9797,186351,sha256:bf76b7db9ad564d74812796df1c3fb0247c5af78ae09bb3c995711b65283bd39,2026-08-13T01:29:56.033824+00:00,Seattle,"[2025-04-01, 2025-10-01)"
us.wa.seattle.daily-category.853bebf75ecf,seattle-open-data-customer-service-aggregate,us.wa.seattle,City of Seattle,5464,186351,sha256:0ba2d190ff568ea64fdb8c7cbd4e4062a5098b18a1df1a805c81d74dcbb74cf1,2026-08-13T01:29:54.604617+00:00,Seattle,"[2025-04-01, 2025-10-01)"
